openness,agreeableness,emotional_stability,conscientiousness,extraversion,,counter,absoluteDifference,averageAbsoluteDifference,1070203
20,30,40,60,15,"	",1537,15370,10,
35,35,25,65,15,"	",84,840,10,
45,35,50,40,15,"	",1007,10070,10,
50,35,45,30,25,"	",688,6880,10,
55,40,65,25,35,"	",242,2420,10,
55,50,30,50,40,"	",67,670,10,
55,50,65,55,55,"	",1210,12100,10,
55,55,45,35,30,"	",591,5910,10,
55,70,50,60,10,"	",357,3570,10,
65,45,60,40,60,"	",488,4880,10,
70,30,70,70,15,"	",1636,16360,10,
70,45,40,65,45,"	",190,1900,10,
70,55,25,65,70,"	",568,5680,10,
70,65,55,40,40,"	",334,3340,10,
30,25,35,20,65,"	",253,2277,9,11470
35,55,45,60,20,"	",571,5139,9,
40,45,35,60,30,"	",203,1827,9,
40,45,45,55,45,"	",785,7065,9,
45,30,50,30,20,"	",1536,13824,9,
45,45,20,50,25,"	",263,2367,9,
50,60,60,50,45,"	",1261,11349,9,
50,65,45,20,15,"	",440,3960,9,
55,25,30,55,20,"	",719,6471,9,
55,30,25,30,25,"	",545,4905,9,
55,45,40,45,40,"	",1414,12726,9,
55,55,45,45,15,"	",192,1728,9,
60,55,55,60,50,"	",1563,14067,9,
65,45,40,65,40,"	",416,3744,9,
65,45,65,35,60,"	",66,594,9,
65,65,70,70,25,"	",22,198,9,
70,30,35,35,55,"	",72,648,9,
70,35,55,45,40,"	",541,4869,9,
70,40,30,20,40,"	",178,1602,9,
70,40,35,30,50,"	",211,1899,9,
70,45,35,35,45,"	",219,1971,9,
25,35,20,25,20,"	",703,5624,8,22045
25,35,50,70,10,"	",279,2232,8,
25,60,65,65,10,"	",139,1112,8,
35,45,50,50,30,"	",558,4464,8,
40,10,20,45,55,"	",480,3840,8,
40,35,35,40,40,"	",32,256,8,
40,35,45,60,35,"	",649,5192,8,
40,40,40,40,35,"	",22,176,8,
40,40,45,40,35,"	",24,192,8,
40,45,40,55,45,"	",335,2680,8,
40,55,50,45,25,"	",1198,9584,8,
40,65,50,65,20,"	",962,7696,8,
45,30,40,45,40,"	",736,5888,8,
45,35,35,40,25,"	",38,304,8,
45,35,40,55,20,"	",379,3032,8,
45,35,50,40,30,"	",110,880,8,
45,35,60,55,10,"	",196,1568,8,
45,45,60,55,10,"	",397,3176,8,
45,55,70,55,20,"	",152,1216,8,
50,30,25,35,40,"	",569,4552,8,
50,30,35,40,25,"	",346,2768,8,
50,35,65,45,45,"	",147,1176,8,
55,20,20,15,25,"	",542,4336,8,
55,20,45,70,20,"	",663,5304,8,
55,30,65,55,50,"	",519,4152,8,
55,40,50,35,40,"	",572,4576,8,
55,40,65,60,55,"	",118,944,8,
55,45,60,70,45,"	",109,872,8,
55,45,65,50,50,"	",31,248,8,
60,35,50,55,40,"	",76,608,8,
60,45,35,25,45,"	",309,2472,8,
60,55,30,25,40,"	",1106,8848,8,
60,65,70,50,30,"	",921,7368,8,
65,30,60,55,25,"	",456,3648,8,
65,35,35,40,30,"	",1145,9160,8,
65,40,20,45,60,"	",1133,9064,8,
65,40,30,45,35,"	",218,1744,8,
65,40,45,35,15,"	",224,1792,8,
65,45,30,25,25,"	",529,4232,8,
65,45,50,50,40,"	",70,560,8,
65,50,30,15,30,"	",418,3344,8,
65,50,50,45,45,"	",19,152,8,
65,55,60,20,50,"	",335,2680,8,
65,60,40,40,30,"	",79,632,8,
65,70,65,60,55,"	",1502,12016,8,
70,30,60,60,50,"	",570,4560,8,
70,35,70,65,40,"	",801,6408,8,
70,40,50,50,35,"	",164,1312,8,
70,40,50,70,25,"	",664,5312,8,
70,40,60,70,45,"	",203,1624,8,
70,65,60,25,55,"	",98,784,8,
15,45,60,55,15,"	",1180,8260,7,
20,50,35,70,10,"	",22,154,7,
30,45,60,65,60,"	",68,476,7,
30,55,50,40,10,"	",131,917,7,
35,35,50,35,25,"	",593,4151,7,
35,55,60,65,35,"	",419,2933,7,
40,20,30,45,20,"	",206,1442,7,
40,35,30,35,20,"	",1167,8169,7,
40,35,40,40,40,"	",75,525,7,
40,40,40,45,35,"	",1177,9078,7,
40,45,50,20,20,"	",148,1036,7,
40,45,55,55,60,"	",1056,7392,7,
40,50,45,30,35,"	",207,1449,7,
40,60,25,55,20,"	",833,5831,7,
45,35,55,45,30,"	",88,616,7,
45,35,70,60,20,"	",1000,7000,7,
45,40,45,45,40,"	",453,3171,7,
45,40,50,70,40,"	",441,3087,7,
45,40,60,50,35,"	",1263,8841,7,
45,45,60,70,20,"	",1267,8869,7,
45,45,65,60,50,"	",1292,9044,7,
45,60,65,50,40,"	",821,5747,7,
50,25,60,60,20,"	",390,2730,7,
50,30,55,70,25,"	",38,266,7,
50,30,60,55,20,"	",177,1239,7,
50,40,20,25,55,"	",1072,7504,7,
50,40,50,60,65,"	",818,5726,7,
50,45,30,30,30,"	",46,322,7,
50,45,65,50,50,"	",232,1624,7,
50,50,20,60,15,"	",221,1547,7,
50,50,45,50,50,"	",54,378,7,
50,50,45,65,20,"	",1313,9191,7,
50,55,40,30,30,"	",566,3962,7,
50,55,40,45,15,"	",1165,8155,7,
55,25,20,20,30,"	",913,6391,7,
55,25,35,70,15,"	",507,3549,7,
55,30,35,50,25,"	",112,784,7,
55,30,45,55,25,"	",134,938,7,
55,30,55,30,65,"	",490,3430,7,
55,35,20,40,45,"	",122,854,7,
55,35,35,35,30,"	",2193,15351,7,
55,35,35,40,35,"	",1272,8904,7,
55,35,50,45,55,"	",2828,19796,7,
55,35,65,60,20,"	",894,6258,7,
55,40,40,70,30,"	",153,1071,7,
55,40,60,70,55,"	",48,336,7,
55,45,35,55,30,"	",2253,15771,7,
55,50,70,70,50,"	",100,700,7,
55,55,55,65,10,"	",171,1197,7,
55,55,60,55,20,"	",328,2296,7,
60,20,45,55,25,"	",333,2331,7,
60,30,60,65,20,"	",385,2695,7,
60,30,65,70,20,"	",638,4466,7,
60,30,70,70,35,"	",1309,9163,7,
60,35,30,50,45,"	",117,819,7,
60,35,50,30,35,"	",556,3892,7,
60,40,30,55,55,"	",467,3269,7,
60,40,40,40,30,"	",64,448,7,
60,40,40,50,40,"	",121,847,7,
60,40,40,55,25,"	",684,4788,7,
60,40,45,40,55,"	",544,3808,7,
60,40,65,60,20,"	",1139,7973,7,
60,45,30,55,40,"	",767,5369,7,
60,45,70,70,25,"	",311,2177,7,
60,50,45,40,20,"	",838,5866,7,
60,55,50,45,10,"	",1021,7147,7,
60,55,65,60,40,"	",1194,8358,7,
60,65,55,40,65,"	",74,518,7,
65,25,55,40,25,"	",1028,7196,7,
65,40,65,40,10,"	",95,665,7,
65,40,65,50,55,"	",1891,13237,7,
65,45,35,65,60,"	",223,1561,7,
65,45,65,50,40,"	",2384,16688,7,
65,55,40,55,45,"	",109,763,7,
65,55,60,60,35,"	",50,350,7,
65,60,60,40,40,"	",2855,20917,7,
65,70,45,70,60,"	",20,140,7,
70,30,40,60,35,"	",672,4704,7,
70,30,60,35,25,"	",450,3150,7,
70,30,70,25,40,"	",31,217,7,
70,30,70,45,10,"	",59,413,7,
70,50,30,50,45,"	",28,196,7,
70,50,50,30,70,"	",23,161,7,
70,50,55,25,70,"	",1715,12005,7,
70,50,60,65,55,"	",357,2499,7,
70,55,35,45,20,"	",615,4305,7,
70,60,55,35,30,"	",332,2324,7,
15,40,60,40,15,"	",183,1098,6,
20,35,50,50,20,"	",561,3366,6,
25,40,60,45,30,"	",3790,22740,6,
35,35,30,35,30,"	",86,516,6,
35,35,35,70,45,"	",16,96,6,
35,40,40,45,15,"	",103,618,6,
40,30,30,50,40,"	",1800,10800,6,
40,35,25,60,25,"	",2290,13740,6,
40,40,40,30,25,"	",289,1734,6,
40,45,45,50,50,"	",91,546,6,
40,50,50,50,30,"	",343,2058,6,
40,60,55,40,20,"	",1427,8562,6,
45,20,20,10,55,"	",54,324,6,
45,25,45,50,20,"	",23,138,6,
45,30,65,30,40,"	",81,486,6,
45,40,35,45,35,"	",249,1494,6,
45,40,45,45,30,"	",85,510,6,
45,40,55,35,50,"	",1023,6138,6,
45,40,55,65,45,"	",151,906,6,
45,40,70,60,45,"	",72,432,6,
45,45,35,45,50,"	",17,102,6,
45,50,40,40,55,"	",22,132,6,
45,50,55,55,25,"	",718,4308,6,
45,60,50,55,25,"	",77,462,6,
50,25,35,10,15,"	",393,2358,6,
50,30,35,55,35,"	",257,1542,6,
50,30,55,30,65,"	",62,372,6,
50,30,65,50,20,"	",542,3252,6,
50,35,15,35,15,"	",59,354,6,
50,35,60,65,40,"	",2,12,6,
50,35,70,65,25,"	",85,510,6,
50,40,25,40,35,"	",118,708,6,
50,40,40,50,40,"	",198,1370,6,
50,40,55,40,65,"	",18,108,6,
50,45,35,35,20,"	",237,1422,6,
50,45,60,35,35,"	",18,108,6,
50,50,35,35,50,"	",110,660,6,
50,50,40,40,25,"	",302,1812,6,
50,50,60,60,55,"	",391,2346,6,
50,55,40,50,20,"	",166,996,6,
50,60,15,30,15,"	",1794,10764,6,
55,10,55,70,10,"	",1191,7146,6,
55,35,20,35,15,"	",162,972,6,
55,35,25,50,35,"	",79,474,6,
55,35,40,35,30,"	",1521,9126,6,
55,40,40,45,20,"	",146,876,6,
55,45,60,35,35,"	",503,3018,6,
55,50,40,70,50,"	",25,150,6,
55,50,45,50,35,"	",70,420,6,
55,55,20,55,40,"	",101,606,6,
55,55,40,45,30,"	",1320,7920,6,
55,55,65,25,20,"	",543,3258,6,
55,60,50,45,50,"	",31,186,6,
60,30,25,20,35,"	",172,1032,6,
60,30,60,40,40,"	",55,330,6,
60,35,40,50,50,"	",52,312,6,
60,35,50,50,10,"	",39,234,6,
60,35,55,70,35,"	",143,858,6,
60,40,20,15,10,"	",60,360,6,
60,40,35,25,60,"	",234,1404,6,
60,40,40,40,40,"	",195,1170,6,
60,40,45,45,35,"	",2765,16590,6,
60,40,45,45,60,"	",24,144,6,
60,40,55,40,35,"	",24,144,6,
60,40,55,60,35,"	",836,5016,6,
60,45,25,25,40,"	",81,486,6,
60,45,55,35,20,"	",628,3768,6,
60,45,60,60,50,"	",687,4122,6,
60,55,55,40,40,"	",174,1044,6,
60,65,30,60,45,"	",107,642,6,
60,70,70,55,60,"	",250,1500,6,
65,40,60,50,40,"	",85,510,6,
65,40,65,60,25,"	",183,1098,6,
65,50,25,60,30,"	",117,702,6,
65,50,55,55,45,"	",56,336,6,
65,55,25,45,65,"	",63,378,6,
65,65,60,70,50,"	",33,198,6,
70,30,55,60,70,"	",304,1824,6,
70,30,65,65,20,"	",1005,6030,6,
70,30,70,60,45,"	",621,3726,6,
70,40,35,30,30,"	",31,186,6,
70,40,35,35,65,"	",641,3846,6,
70,40,40,70,40,"	",171,1026,6,
70,40,60,60,30,"	",464,2784,6,
70,50,45,60,45,"	",264,1584,6,
70,50,65,45,50,"	",149,894,6,
70,55,35,70,70,"	",20,120,6,
70,55,45,40,70,"	",303,1818,6,
70,70,45,40,30,"	",310,1860,6,
25,45,50,55,30,"	",1891,9455,5,
25,55,50,60,35,"	",113,565,5,
30,45,45,35,20,"	",75,375,5,
30,50,45,40,15,"	",301,1505,5,
35,25,40,50,25,"	",3551,17755,5,
35,30,45,50,20,"	",907,4535,5,
35,30,55,55,20,"	",30,150,5,
35,35,40,60,20,"	",141,705,5,
35,40,50,50,30,"	",107,535,5,
35,40,50,65,45,"	",187,935,5,
35,40,55,55,35,"	",909,4545,5,
35,45,35,35,40,"	",393,1965,5,
35,50,45,50,15,"	",477,2385,5,
35,50,55,25,30,"	",98,490,5,
35,60,55,70,40,"	",1403,7015,5,
40,25,25,25,30,"	",34,170,5,
40,25,40,45,30,"	",134,670,5,
40,25,55,45,10,"	",167,835,5,
40,30,30,55,15,"	",268,1340,5,
40,30,40,50,10,"	",1379,6895,5,
40,40,40,55,10,"	",78,390,5,
40,45,55,60,35,"	",221,1105,5,
40,45,55,65,40,"	",398,1990,5,
40,45,65,35,30,"	",354,1770,5,
40,50,10,50,55,"	",30,150,5,
40,50,20,25,30,"	",439,2195,5,
40,50,40,30,35,"	",686,3430,5,
40,55,45,30,15,"	",36,180,5,
40,60,30,50,15,"	",106,530,5,
40,60,50,50,30,"	",17,85,5,
40,60,60,50,25,"	",23,115,5,
45,15,70,70,10,"	",1894,9470,5,
45,25,45,25,20,"	",7940,39700,5,
45,30,25,55,10,"	",98,490,5,
45,30,40,50,40,"	",501,2505,5,
45,30,40,55,15,"	",304,1520,5,
45,30,45,45,20,"	",41,205,5,
45,30,45,50,10,"	",368,1840,5,
45,30,50,35,35,"	",791,3955,5,
45,30,50,50,20,"	",535,2675,5,
45,35,30,35,25,"	",459,2295,5,
45,35,45,40,15,"	",618,3090,5,
45,35,55,55,35,"	",366,1830,5,
45,40,35,40,35,"	",110,550,5,
45,40,40,40,10,"	",104,520,5,
45,40,45,50,10,"	",779,3895,5,
45,40,50,35,20,"	",123,615,5,
45,40,50,50,25,"	",730,3650,5,
45,45,25,45,40,"	",123,615,5,
45,45,50,55,20,"	",1026,5130,5,
45,50,40,30,15,"	",282,1410,5,
45,50,60,70,25,"	",118,590,5,
50,20,15,30,40,"	",62,310,5,
50,25,55,60,30,"	",648,3240,5,
50,30,20,25,50,"	",33,165,5,
50,30,20,30,20,"	",354,1770,5,
50,30,40,55,40,"	",696,3480,5,
50,30,45,40,20,"	",521,2605,5,
50,30,50,60,40,"	",151,755,5,
50,30,60,50,35,"	",64,320,5,
50,35,15,60,20,"	",73,365,5,
50,35,30,45,50,"	",31,155,5,
50,35,35,40,50,"	",37,185,5,
50,35,40,30,50,"	",1399,6995,5,
50,35,55,30,50,"	",55,275,5,
50,35,55,45,35,"	",346,1730,5,
50,35,65,60,35,"	",707,3535,5,
50,40,25,45,40,"	",32,160,5,
50,40,40,35,40,"	",441,2205,5,
50,40,40,45,45,"	",816,4080,5,
50,40,50,40,40,"	",292,1460,5,
50,40,55,60,35,"	",47,235,5,
50,40,65,60,20,"	",937,4685,5,
50,45,45,30,55,"	",804,4020,5,
50,45,45,45,50,"	",1011,5055,5,
50,45,55,45,20,"	",314,1570,5,
50,45,60,40,15,"	",1638,8190,5,
50,50,30,45,20,"	",83,415,5,
50,50,50,35,20,"	",790,3950,5,
50,55,35,20,25,"	",150,750,5,
50,55,40,30,45,"	",27,135,5,
50,55,60,45,20,"	",4345,21725,5,
50,60,55,65,40,"	",24,120,5,
50,60,70,50,35,"	",382,1910,5,
50,65,40,40,25,"	",2328,11640,5,
55,20,25,60,25,"	",1001,5005,5,
55,20,35,35,10,"	",1206,6030,5,
55,20,60,55,25,"	",655,3275,5,
55,30,30,60,35,"	",304,1520,5,
55,35,20,50,25,"	",72,360,5,
55,35,35,30,25,"	",731,3655,5,
55,35,35,60,25,"	",429,2145,5,
55,35,55,40,55,"	",32,160,5,
55,35,55,55,45,"	",994,4970,5,
55,40,35,55,40,"	",898,4730,5,
55,40,45,35,70,"	",43,215,5,
55,40,45,50,25,"	",523,2615,5,
55,40,50,40,35,"	",245,1225,5,
55,40,60,40,30,"	",269,1345,5,
55,45,15,30,20,"	",410,2050,5,
55,45,40,45,25,"	",21,105,5,
55,45,45,55,25,"	",156,780,5,
55,45,45,60,25,"	",25,125,5,
55,45,60,30,40,"	",2489,12445,5,
55,45,65,65,25,"	",282,1410,5,
55,50,40,45,35,"	",202,1010,5,
55,50,55,40,25,"	",463,2315,5,
55,50,65,55,20,"	",977,4885,5,
55,50,70,50,40,"	",16,80,5,
55,50,70,55,35,"	",98,490,5,
55,55,40,20,60,"	",155,775,5,
55,55,45,20,50,"	",1026,5130,5,
55,60,40,35,15,"	",1406,7030,5,
55,60,40,45,50,"	",359,1795,5,
55,65,35,45,55,"	",1016,5080,5,
55,65,40,30,40,"	",1293,6465,5,
55,65,55,55,55,"	",754,3770,5,
55,65,60,60,50,"	",431,2155,5,
55,65,60,65,45,"	",37,185,5,
60,15,25,55,25,"	",144,720,5,
60,15,30,15,15,"	",36,180,5,
60,20,40,50,45,"	",70,350,5,
60,20,70,60,15,"	",223,1115,5,
60,25,30,30,25,"	",4515,22575,5,
60,25,30,45,25,"	",560,2800,5,
60,25,50,65,20,"	",312,1560,5,
60,30,55,70,35,"	",1003,5015,5,
60,35,20,60,55,"	",235,1175,5,
60,35,30,60,35,"	",210,1050,5,
60,35,35,35,45,"	",1276,6380,5,
60,35,40,50,30,"	",768,3840,5,
60,35,45,15,25,"	",609,3045,5,
60,35,45,40,60,"	",61,305,5,
60,40,35,65,15,"	",742,3710,5,
60,40,40,35,35,"	",1775,10398,5,
60,40,45,50,40,"	",401,2005,5,
60,40,45,55,30,"	",21,105,5,
60,40,65,55,15,"	",79,395,5,
60,40,70,60,40,"	",319,1595,5,
60,45,25,25,45,"	",455,2275,5,
60,45,30,35,45,"	",548,2740,5,
60,45,35,25,60,"	",109,545,5,
60,45,40,25,40,"	",225,1125,5,
60,45,45,45,45,"	",35883,179415,5,
60,45,50,50,35,"	",124,620,5,
60,45,50,60,35,"	",33,165,5,
60,45,60,25,45,"	",89,445,5,
60,50,20,40,30,"	",274,1370,5,
60,50,50,40,20,"	",1227,6135,5,
60,55,55,55,40,"	",413,2065,5,
60,65,55,60,35,"	",129,645,5,
60,70,55,40,40,"	",166,830,5,
65,30,30,45,20,"	",276,1380,5,
65,30,50,30,30,"	",1826,9130,5,
65,30,50,55,25,"	",96,480,5,
65,30,50,60,50,"	",538,2690,5,
65,30,55,40,45,"	",385,1925,5,
65,35,30,30,25,"	",835,4175,5,
65,35,30,35,25,"	",109,545,5,
65,35,30,45,55,"	",581,2905,5,
65,35,30,55,55,"	",501,2505,5,
65,35,35,60,20,"	",44,220,5,
65,35,40,65,60,"	",568,2840,5,
65,35,45,30,65,"	",712,3560,5,
65,35,55,60,40,"	",36,180,5,
65,35,70,60,20,"	",345,1725,5,
65,40,30,30,20,"	",298,1490,5,
65,40,35,30,45,"	",193,965,5,
65,40,45,50,60,"	",28,140,5,
65,45,25,40,25,"	",1360,6800,5,
65,45,40,70,15,"	",690,3450,5,
65,45,50,30,60,"	",69,345,5,
65,45,50,40,70,"	",949,4745,5,
65,45,65,60,25,"	",581,2905,5,
65,50,50,20,35,"	",248,1240,5,
65,50,55,60,60,"	",362,1810,5,
65,50,65,50,65,"	",1232,6160,5,
65,55,40,30,55,"	",132,660,5,
65,55,40,55,35,"	",58,290,5,
65,55,45,55,70,"	",80,400,5,
65,55,50,40,35,"	",1130,5650,5,
65,55,60,50,50,"	",205,1025,5,
65,55,70,50,70,"	",117,585,5,
65,55,70,55,30,"	",104,520,5,
65,55,70,60,55,"	",319,1595,5,
65,60,40,40,45,"	",15,75,5,
65,60,65,45,50,"	",339,1695,5,
65,65,25,65,20,"	",159,795,5,
65,65,40,40,55,"	",83,415,5,
65,65,40,45,10,"	",283,1415,5,
65,65,45,25,35,"	",208,1040,5,
70,25,50,35,25,"	",1737,8685,5,
70,30,65,40,45,"	",2614,13070,5,
70,40,10,25,70,"	",36,180,5,
70,40,30,30,35,"	",525,2625,5,
70,40,45,60,70,"	",206,1030,5,
70,40,45,65,15,"	",264,1320,5,
70,40,60,55,40,"	",829,4145,5,
70,45,25,25,45,"	",313,1565,5,
70,45,35,35,35,"	",22,110,5,
70,45,55,45,25,"	",66,330,5,
70,45,65,60,45,"	",1045,5225,5,
70,55,25,30,60,"	",221,1105,5,
70,55,25,45,15,"	",345,1725,5,
70,60,35,20,25,"	",636,3180,5,
70,60,55,45,15,"	",28,140,5,
70,60,65,45,20,"	",774,3870,5,
70,60,65,60,50,"	",41,205,5,
10,40,40,70,10,"	",1585,6340,4,
30,25,30,45,30,"	",393,1572,4,
30,30,50,25,20,"	",608,2432,4,
30,40,35,60,15,"	",1983,7932,4,
30,45,25,40,15,"	",152,608,4,
35,40,45,55,40,"	",471,1884,4,
35,40,60,50,15,"	",592,2368,4,
35,55,55,45,30,"	",40,160,4,
40,15,25,60,10,"	",681,2724,4,
40,20,25,55,20,"	",184,736,4,
40,25,60,50,20,"	",493,1972,4,
40,30,35,25,20,"	",93,372,4,
40,30,50,50,40,"	",315,1260,4,
40,30,55,35,25,"	",176,704,4,
40,35,35,25,25,"	",164,656,4,
40,35,35,40,15,"	",372,1488,4,
40,35,40,60,20,"	",1016,4064,4,
40,35,45,60,10,"	",845,3380,4,
40,40,40,55,25,"	",547,2188,4,
40,45,40,55,30,"	",58,232,4,
40,45,65,55,20,"	",710,2840,4,
40,50,40,50,20,"	",147,588,4,
40,50,50,40,35,"	",255,1020,4,
40,50,55,15,45,"	",356,1424,4,
40,55,20,35,20,"	",93,372,4,
40,65,50,40,55,"	",614,2456,4,
40,65,60,45,15,"	",143,572,4,
40,65,60,45,25,"	",568,2272,4,
45,15,15,10,15,"	",256,1024,4,
45,15,25,40,30,"	",243,972,4,
45,20,45,45,15,"	",248,992,4,
45,25,15,55,25,"	",320,1280,4,
45,30,50,50,45,"	",16,64,4,
45,30,65,45,30,"	",79,316,4,
45,35,20,65,30,"	",1601,6404,4,
45,35,40,50,15,"	",1001,4004,4,
45,35,60,55,30,"	",224,896,4,
45,40,30,50,40,"	",186,744,4,
45,40,35,50,30,"	",179,716,4,
45,40,40,50,40,"	",99,396,4,
45,40,45,45,60,"	",125,500,4,
45,40,45,60,30,"	",32,128,4,
45,40,60,50,40,"	",1031,4124,4,
45,45,30,40,30,"	",65,260,4,
45,45,35,60,45,"	",153,612,4,
45,45,45,40,25,"	",1500,6000,4,
45,45,55,35,25,"	",109,436,4,
45,45,55,40,50,"	",789,3156,4,
45,50,50,45,40,"	",966,3864,4,
45,55,20,40,50,"	",48,192,4,
45,55,55,40,25,"	",560,2240,4,
45,65,60,60,20,"	",116,464,4,
45,65,60,60,45,"	",91,364,4,
45,65,70,35,15,"	",448,1792,4,
50,10,35,35,35,"	",36,144,4,
50,20,25,35,30,"	",520,2080,4,
50,20,45,70,40,"	",66,264,4,
50,20,50,60,35,"	",444,1776,4,
50,20,55,55,35,"	",2377,9508,4,
50,25,45,50,20,"	",344,1376,4,
50,30,30,40,45,"	",167,668,4,
50,30,35,50,55,"	",421,1684,4,
50,30,45,50,35,"	",371,1484,4,
50,30,50,45,35,"	",276,1104,4,
50,30,50,70,20,"	",555,2220,4,
50,30,55,65,20,"	",53,212,4,
50,35,30,40,30,"	",957,3828,4,
50,35,30,40,40,"	",291,1164,4,
50,35,35,40,40,"	",587,2348,4,
50,35,45,55,35,"	",387,1548,4,
50,35,55,50,45,"	",29,116,4,
50,35,55,60,25,"	",215,860,4,
50,35,65,50,10,"	",122,488,4,
50,40,20,25,15,"	",758,3032,4,
50,40,40,40,50,"	",30,120,4,
50,40,40,50,30,"	",419,1676,4,
50,40,45,60,15,"	",563,2252,4,
50,40,50,50,30,"	",2104,8416,4,
50,40,55,45,35,"	",1172,4688,4,
50,40,55,65,60,"	",302,1208,4,
50,40,60,45,30,"	",575,2300,4,
50,40,60,70,25,"	",1065,4260,4,
50,45,25,35,20,"	",3292,13168,4,
50,45,65,50,30,"	",226,904,4,
50,50,20,25,10,"	",636,2544,4,
50,50,20,50,60,"	",291,1164,4,
50,50,30,35,25,"	",292,1168,4,
50,50,35,60,25,"	",587,2348,4,
50,50,40,30,40,"	",16,64,4,
50,50,55,50,40,"	",80,320,4,
50,55,35,30,50,"	",903,3612,4,
50,55,35,45,40,"	",648,2592,4,
50,55,35,50,15,"	",581,2324,4,
50,55,35,50,35,"	",47,188,4,
50,55,55,35,10,"	",2570,10280,4,
50,55,60,65,40,"	",750,3000,4,
50,60,40,60,40,"	",1161,4644,4,
50,65,50,35,65,"	",449,1796,4,
55,25,30,30,15,"	",1030,4120,4,
55,25,40,40,20,"	",445,1780,4,
55,25,50,65,45,"	",136,544,4,
55,30,35,50,30,"	",94,376,4,
55,35,30,25,50,"	",110,440,4,
55,35,50,55,35,"	",632,2528,4,
55,35,50,55,40,"	",1677,6708,4,
55,40,20,40,15,"	",2195,8780,4,
55,40,30,30,55,"	",26,104,4,
55,40,30,35,30,"	",1471,5884,4,
55,40,60,50,10,"	",317,1268,4,
55,40,60,60,40,"	",140,560,4,
55,40,65,40,30,"	",86,344,4,
55,40,65,70,15,"	",1070,4280,4,
55,40,70,45,25,"	",249,996,4,
55,45,10,50,60,"	",560,2240,4,
55,45,40,35,40,"	",423,1692,4,
55,45,45,45,35,"	",345,1380,4,
55,45,60,55,25,"	",472,1888,4,
55,45,60,55,35,"	",221,884,4,
55,50,45,45,25,"	",177,708,4,
55,50,45,50,25,"	",375,1500,4,
55,55,50,65,40,"	",423,1692,4,
55,55,50,70,60,"	",445,1780,4,
60,15,20,50,60,"	",87,348,4,
60,25,35,20,10,"	",272,1088,4,
60,25,35,55,55,"	",186,744,4,
60,25,50,55,20,"	",172,688,4,
60,25,55,70,35,"	",1865,7460,4,
60,30,40,25,40,"	",453,1812,4,
60,30,55,35,60,"	",256,1024,4,
60,30,55,65,45,"	",178,712,4,
60,30,60,35,45,"	",612,2448,4,
60,35,55,45,25,"	",519,2076,4,
60,35,55,60,45,"	",810,3240,4,
60,40,40,30,20,"	",1184,4736,4,
60,40,40,55,35,"	",251,1004,4,
60,40,45,55,15,"	",585,2340,4,
60,40,50,45,45,"	",55,220,4,
60,40,55,35,50,"	",2941,11764,4,
60,40,65,60,15,"	",84,336,4,
60,45,35,30,50,"	",60,240,4,
60,45,35,55,30,"	",23,92,4,
60,45,40,30,15,"	",439,1756,4,
60,45,40,55,25,"	",560,2240,4,
60,45,50,65,20,"	",170,680,4,
60,45,70,50,15,"	",172,688,4,
60,50,55,35,40,"	",449,1796,4,
60,50,55,50,40,"	",190,760,4,
60,50,60,30,60,"	",69,276,4,
60,55,45,55,25,"	",48,192,4,
60,55,50,35,30,"	",364,1456,4,
60,55,55,35,35,"	",672,2688,4,
60,55,65,30,45,"	",928,3712,4,
60,60,50,50,25,"	",196,784,4,
60,60,55,60,55,"	",9286,37144,4,
60,65,20,25,30,"	",328,1312,4,
60,65,60,60,50,"	",2504,10016,4,
60,70,65,70,50,"	",192,768,4,
65,25,35,20,35,"	",552,2208,4,
65,25,45,30,65,"	",417,1668,4,
65,30,35,55,40,"	",408,1632,4,
65,30,45,40,45,"	",167,668,4,
65,35,20,40,35,"	",48,192,4,
65,35,35,30,15,"	",174,696,4,
65,35,35,50,45,"	",1265,5060,4,
65,35,35,70,55,"	",31,124,4,
65,35,45,35,55,"	",184,736,4,
65,35,45,65,30,"	",59,236,4,
65,40,35,30,40,"	",127,508,4,
65,40,35,55,40,"	",39,156,4,
65,40,35,55,45,"	",77,308,4,
65,40,35,60,70,"	",204,816,4,
65,40,40,50,50,"	",147,588,4,
65,40,60,60,30,"	",830,3320,4,
65,40,65,30,55,"	",784,3180,4,
65,40,70,40,30,"	",526,2104,4,
65,45,25,55,45,"	",239,956,4,
65,45,45,40,45,"	",262,1048,4,
65,45,55,60,25,"	",807,3228,4,
65,45,55,70,45,"	",48,192,4,
65,50,35,35,55,"	",440,1760,4,
65,50,50,45,65,"	",232,928,4,
65,50,55,60,55,"	",36,144,4,
65,50,70,60,30,"	",30,120,4,
65,55,40,45,20,"	",592,2368,4,
65,55,45,65,35,"	",62,248,4,
65,55,60,60,50,"	",421,1684,4,
65,60,35,50,20,"	",231,924,4,
65,60,45,45,35,"	",1499,5996,4,
65,60,45,55,40,"	",292,1168,4,
65,60,55,35,65,"	",61,244,4,
65,60,70,65,70,"	",15,60,4,
65,65,65,45,30,"	",1422,5688,4,
65,65,65,65,65,"	",145,580,4,
70,30,20,30,15,"	",682,2728,4,
70,35,25,70,70,"	",32,128,4,
70,35,45,55,65,"	",359,1436,4,
70,40,25,30,40,"	",259,1036,4,
70,40,40,65,60,"	",21,84,4,
70,40,50,65,35,"	",42,168,4,
70,40,70,60,70,"	",203,812,4,
70,45,40,35,20,"	",1381,5524,4,
70,50,40,45,60,"	",410,1640,4,
70,55,20,25,55,"	",626,2504,4,
70,65,65,70,40,"	",27,108,4,
25,30,30,35,20,"	",238,714,3,
25,65,70,70,40,"	",16,48,3,
30,30,30,50,20,"	",728,2184,3,
30,35,45,30,20,"	",17,51,3,
35,35,30,40,30,"	",755,2265,3,
35,35,40,55,10,"	",2955,8865,3,
35,35,65,50,35,"	",1391,4173,3,
35,40,40,35,20,"	",200,600,3,
35,40,50,35,25,"	",23,69,3,
35,50,50,55,10,"	",91,273,3,
35,65,60,70,25,"	",414,1242,3,
35,65,70,55,15,"	",4506,13518,3,
40,20,40,55,15,"	",584,1752,3,
40,25,20,30,15,"	",419,1257,3,
40,35,30,50,65,"	",79,237,3,
40,35,40,45,25,"	",32,96,3,
40,35,45,40,20,"	",706,2118,3,
40,40,35,35,20,"	",201,603,3,
40,40,35,35,25,"	",22,66,3,
40,40,40,40,30,"	",170,510,3,
40,40,40,45,20,"	",1624,4872,3,
40,40,40,45,30,"	",898,2694,3,
40,40,45,30,10,"	",380,1140,3,
40,40,45,40,40,"	",1119,3357,3,
40,40,55,70,10,"	",56,168,3,
40,50,40,55,35,"	",159,477,3,
40,55,60,40,55,"	",606,1818,3,
40,55,65,55,70,"	",200,600,3,
40,70,40,40,70,"	",321,963,3,
45,30,45,60,45,"	",114,342,3,
45,30,50,55,25,"	",1324,3972,3,
45,30,55,70,25,"	",66,198,3,
45,35,25,50,15,"	",707,2121,3,
45,35,30,45,35,"	",250,750,3,
45,35,50,50,40,"	",914,2742,3,
45,35,50,60,10,"	",1703,5109,3,
45,40,20,40,35,"	",2019,6057,3,
45,40,30,50,20,"	",44,132,3,
45,45,35,40,40,"	",321,963,3,
45,45,55,40,25,"	",216,648,3,
45,50,30,70,15,"	",608,1824,3,
45,50,35,40,25,"	",298,894,3,
45,50,40,45,40,"	",29,87,3,
45,50,40,45,45,"	",93,279,3,
45,50,60,60,30,"	",40,120,3,
45,50,70,50,35,"	",298,894,3,
45,55,40,35,25,"	",143,429,3,
45,55,55,50,35,"	",135,405,3,
45,60,30,50,20,"	",54,162,3,
50,20,35,40,15,"	",340,1020,3,
50,25,15,50,50,"	",500,1500,3,
50,25,55,40,20,"	",127,381,3,
50,30,50,20,20,"	",557,1671,3,
50,30,60,40,30,"	",563,1689,3,
50,35,35,35,40,"	",39,117,3,
50,35,40,35,15,"	",232,696,3,
50,35,40,50,30,"	",222,666,3,
50,35,45,40,35,"	",1040,3120,3,
50,35,60,25,25,"	",652,1956,3,
50,35,65,70,25,"	",256,768,3,
50,40,30,30,20,"	",493,1479,3,
50,40,30,35,30,"	",548,1644,3,
50,40,30,40,15,"	",419,1257,3,
50,40,50,35,45,"	",662,1986,3,
50,40,50,55,45,"	",1755,5577,3,
50,40,55,65,45,"	",120,360,3,
50,40,60,60,10,"	",1294,3882,3,
50,40,60,65,45,"	",35,105,3,
50,45,25,35,50,"	",460,1380,3,
50,45,35,35,60,"	",152,456,3,
50,45,40,45,15,"	",463,1389,3,
50,45,55,50,60,"	",1105,3315,3,
50,50,30,60,30,"	",48,144,3,
50,55,25,40,25,"	",177,531,3,
50,55,65,55,45,"	",95,285,3,
50,55,65,60,15,"	",217,651,3,
50,60,40,20,30,"	",424,1272,3,
50,60,50,45,30,"	",162,486,3,
50,60,55,70,40,"	",333,999,3,
50,60,60,60,45,"	",407,1221,3,
50,70,45,60,30,"	",112,336,3,
55,25,35,40,40,"	",1018,3054,3,
55,25,40,40,25,"	",1315,3945,3,
55,25,40,45,40,"	",165,495,3,
55,30,25,30,20,"	",361,1083,3,
55,30,40,45,45,"	",2781,8343,3,
55,30,45,25,35,"	",648,1944,3,
55,30,55,40,25,"	",1218,3654,3,
55,35,25,40,55,"	",592,1776,3,
55,35,25,55,20,"	",489,1467,3,
55,35,40,35,50,"	",48,144,3,
55,35,40,45,35,"	",975,2925,3,
55,35,40,55,45,"	",2358,8130,3,
55,35,45,30,35,"	",350,1050,3,
55,35,45,35,35,"	",546,1638,3,
55,35,45,55,25,"	",1484,4452,3,
55,35,45,60,60,"	",2461,7383,3,
55,35,60,55,30,"	",83,249,3,
55,35,60,60,15,"	",178,534,3,
55,40,30,25,30,"	",51,153,3,
55,40,40,40,45,"	",599,1797,3,
55,40,40,70,45,"	",48,144,3,
55,40,45,15,35,"	",492,1476,3,
55,40,55,40,15,"	",1837,5511,3,
55,40,55,45,45,"	",1308,3924,3,
55,40,60,25,40,"	",453,1359,3,
55,45,35,45,45,"	",18,54,3,
55,45,40,40,40,"	",808,2424,3,
55,45,40,55,40,"	",85,255,3,
55,45,55,45,25,"	",250,750,3,
55,50,40,40,40,"	",370,1110,3,
55,50,40,65,50,"	",369,1107,3,
55,50,45,40,50,"	",19,57,3,
55,50,45,50,45,"	",70,210,3,
55,55,15,45,50,"	",169,507,3,
55,55,35,30,30,"	",259,777,3,
55,55,35,35,15,"	",225,675,3,
55,55,40,55,45,"	",1567,4701,3,
55,55,50,50,45,"	",1518,4554,3,
55,60,65,60,25,"	",29,87,3,
55,65,55,35,25,"	",311,933,3,
55,70,10,55,10,"	",184,552,3,
55,70,55,60,25,"	",763,2289,3,
60,25,50,40,40,"	",1396,4188,3,
60,25,55,15,20,"	",232,696,3,
60,30,35,45,50,"	",1037,3111,3,
60,30,45,40,45,"	",1205,3615,3,
60,30,50,30,20,"	",403,1209,3,
60,30,55,30,40,"	",214,642,3,
60,30,65,55,25,"	",327,981,3,
60,35,40,30,25,"	",8524,25572,3,
60,35,40,45,50,"	",3693,11079,3,
60,35,40,45,55,"	",359,1077,3,
60,35,45,40,35,"	",479,1437,3,
60,35,45,60,35,"	",283,849,3,
60,35,45,60,50,"	",295,885,3,
60,35,50,60,15,"	",420,1260,3,
60,35,55,55,20,"	",1317,4992,3,
60,35,65,35,40,"	",448,1344,3,
60,35,70,45,40,"	",1623,4869,3,
60,40,15,60,50,"	",143,429,3,
60,40,35,45,30,"	",1402,4206,3,
60,40,50,40,30,"	",573,1719,3,
60,40,55,40,45,"	",61,183,3,
60,40,60,10,45,"	",44,132,3,
60,40,65,50,45,"	",244,732,3,
60,40,70,60,15,"	",275,825,3,
60,45,35,30,40,"	",23,69,3,
60,45,55,50,60,"	",1193,3579,3,
60,50,15,20,45,"	",798,2394,3,
60,50,35,35,50,"	",138,414,3,
60,50,45,30,30,"	",630,1890,3,
60,50,45,40,35,"	",217,651,3,
60,50,45,40,60,"	",632,1896,3,
60,50,45,45,40,"	",898,2694,3,
60,50,50,60,35,"	",336,1008,3,
60,50,60,30,55,"	",125,375,3,
60,50,60,65,30,"	",64,192,3,
60,50,70,45,30,"	",1498,4494,3,
60,55,50,70,20,"	",65,195,3,
60,55,55,60,40,"	",36,108,3,
60,60,30,40,35,"	",203,609,3,
60,60,60,50,60,"	",52,156,3,
60,60,65,30,15,"	",262,786,3,
60,65,15,25,40,"	",2040,6120,3,
60,65,60,60,60,"	",1021,3063,3,
60,65,65,65,40,"	",604,1812,3,
65,15,20,45,15,"	",691,2073,3,
65,20,40,40,15,"	",1040,3120,3,
65,20,55,30,45,"	",250,750,3,
65,25,45,40,55,"	",885,2655,3,
65,25,70,45,35,"	",315,945,3,
65,30,30,55,55,"	",56,168,3,
65,30,65,25,45,"	",110,330,3,
65,35,30,45,40,"	",987,2961,3,
65,35,40,50,45,"	",170,510,3,
65,35,60,60,65,"	",106,318,3,
65,40,25,15,35,"	",899,2697,3,
65,40,35,30,15,"	",1019,3057,3,
65,40,35,35,45,"	",3101,9303,3,
65,40,45,50,55,"	",272,816,3,
65,40,70,60,45,"	",390,1170,3,
65,45,15,25,45,"	",324,972,3,
65,45,30,45,55,"	",480,1440,3,
65,45,35,25,30,"	",309,927,3,
65,45,40,40,50,"	",651,1953,3,
65,45,60,55,30,"	",185,555,3,
65,45,65,25,55,"	",715,2145,3,
65,50,60,35,60,"	",179,537,3,
65,50,60,70,70,"	",191,573,3,
65,50,70,70,30,"	",2122,6366,3,
65,55,40,60,40,"	",133,399,3,
65,55,40,70,65,"	",375,1125,3,
65,55,60,40,65,"	",383,1149,3,
65,55,60,55,35,"	",1204,3612,3,
65,60,55,40,15,"	",782,2346,3,
70,20,30,50,45,"	",430,1290,3,
70,25,10,25,45,"	",71,213,3,
70,25,45,50,35,"	",341,1023,3,
70,30,10,45,55,"	",1652,4956,3,
70,30,60,50,15,"	",516,1548,3,
70,30,60,55,35,"	",1813,7144,3,
70,35,25,50,30,"	",384,1152,3,
70,35,30,55,30,"	",1344,4032,3,
70,35,55,60,60,"	",30,90,3,
70,40,30,40,20,"	",553,1659,3,
70,40,30,40,60,"	",219,657,3,
70,40,40,10,70,"	",348,1044,3,
70,40,50,55,20,"	",1811,5433,3,
70,40,55,55,40,"	",154,462,3,
70,40,55,60,60,"	",555,1665,3,
70,45,35,40,20,"	",17,51,3,
70,45,50,45,70,"	",2444,7332,3,
70,45,55,65,40,"	",706,2118,3,
70,45,60,70,60,"	",198,594,3,
70,45,65,70,10,"	",706,2118,3,
70,50,65,70,55,"	",1519,4557,3,
70,70,15,25,60,"	",1193,3579,3,
20,40,25,25,20,"	",1702,3404,2,
20,50,50,55,10,"	",855,1710,2,
25,25,50,45,45,"	",481,962,2,
25,40,60,40,15,"	",875,1750,2,
25,50,25,65,20,"	",624,1248,2,
30,35,15,55,40,"	",591,1182,2,
30,40,10,45,50,"	",109,218,2,
30,45,40,60,15,"	",874,1748,2,
30,45,45,60,30,"	",347,694,2,
30,60,25,40,40,"	",3322,6644,2,
35,35,25,50,10,"	",826,1652,2,
35,35,40,30,50,"	",1426,2852,2,
35,35,60,40,50,"	",409,818,2,
35,40,30,35,30,"	",606,1212,2,
35,40,30,50,40,"	",2236,4472,2,
35,40,30,55,40,"	",928,1856,2,
35,40,35,60,15,"	",2784,5568,2,
35,40,45,35,30,"	",335,670,2,
35,40,55,25,45,"	",82,164,2,
35,45,35,55,10,"	",2360,4720,2,
35,45,55,25,30,"	",70,140,2,
35,45,55,45,30,"	",542,1084,2,
35,45,60,55,10,"	",348,696,2,
35,45,60,65,25,"	",1485,2970,2,
35,50,25,55,15,"	",845,1690,2,
35,60,15,30,55,"	",172,344,2,
40,25,35,70,30,"	",94,188,2,
40,25,60,65,25,"	",821,1642,2,
40,30,25,45,25,"	",423,846,2,
40,30,30,45,35,"	",208,416,2,
40,30,35,40,60,"	",344,688,2,
40,30,45,20,25,"	",914,1828,2,
40,30,50,70,35,"	",225,450,2,
40,30,60,35,35,"	",809,1618,2,
40,35,45,40,25,"	",291,582,2,
40,35,45,50,35,"	",495,990,2,
40,35,60,60,65,"	",69,138,2,
40,40,45,60,50,"	",227,454,2,
40,40,50,50,35,"	",201,402,2,
40,40,50,60,20,"	",814,1628,2,
40,40,55,25,25,"	",948,1896,2,
40,40,55,35,25,"	",482,964,2,
40,45,30,30,35,"	",998,1996,2,
40,45,55,50,30,"	",90,180,2,
40,45,65,50,15,"	",313,626,2,
40,50,45,40,20,"	",1678,3356,2,
40,50,50,50,25,"	",652,1304,2,
40,60,60,50,40,"	",811,1622,2,
40,60,70,45,10,"	",1025,2050,2,
45,20,60,65,40,"	",725,1450,2,
45,25,40,30,15,"	",555,1110,2,
45,30,25,60,50,"	",2880,5760,2,
45,30,40,40,35,"	",464,928,2,
45,30,45,40,45,"	",17,34,2,
45,30,50,50,25,"	",1450,3228,2,
45,30,55,40,15,"	",323,646,2,
45,30,55,65,40,"	",181,362,2,
45,35,30,35,35,"	",712,1424,2,
45,35,40,50,30,"	",598,1196,2,
45,35,45,50,55,"	",430,860,2,
45,35,55,35,60,"	",759,1518,2,
45,35,55,40,30,"	",527,1054,2,
45,35,55,45,50,"	",479,958,2,
45,35,55,65,20,"	",574,1148,2,
45,35,60,60,35,"	",600,1621,2,
45,40,35,50,40,"	",1169,2338,2,
45,40,40,45,35,"	",20,40,2,
45,40,50,40,25,"	",1123,2246,2,
45,40,55,45,25,"	",437,874,2,
45,40,55,50,60,"	",909,1818,2,
45,40,60,35,25,"	",368,736,2,
45,40,60,40,30,"	",81,162,2,
45,40,60,70,35,"	",2602,5204,2,
45,45,25,70,45,"	",30,60,2,
45,45,30,45,60,"	",306,612,2,
45,45,40,40,45,"	",101,202,2,
45,45,40,55,15,"	",228,456,2,
45,45,45,35,35,"	",668,1336,2,
45,45,50,30,45,"	",270,540,2,
45,45,50,55,30,"	",587,1174,2,
45,45,55,40,10,"	",134,268,2,
45,45,55,55,35,"	",666,1332,2,
45,45,60,35,25,"	",1192,2384,2,
45,45,60,50,35,"	",1954,3908,2,
45,50,35,65,40,"	",74,148,2,
45,50,45,60,55,"	",1328,2656,2,
45,50,50,25,25,"	",463,926,2,
45,50,50,50,30,"	",594,1188,2,
45,50,60,65,20,"	",487,974,2,
45,55,15,35,15,"	",366,732,2,
45,55,45,15,45,"	",97,194,2,
45,55,45,50,45,"	",113,226,2,
45,55,60,50,30,"	",773,1546,2,
45,60,20,15,50,"	",387,774,2,
45,60,40,45,10,"	",284,568,2,
45,60,45,50,50,"	",1292,2584,2,
45,60,55,50,45,"	",101,202,2,
45,60,60,70,45,"	",492,984,2,
45,65,40,60,30,"	",390,780,2,
45,65,60,55,25,"	",154,308,2,
45,65,70,60,15,"	",3276,6552,2,
50,25,45,45,35,"	",206,412,2,
50,25,60,45,30,"	",557,1114,2,
50,25,65,60,20,"	",168,336,2,
50,30,20,50,20,"	",577,1154,2,
50,30,25,40,10,"	",319,638,2,
50,30,35,45,55,"	",16,32,2,
50,30,45,65,25,"	",1562,3124,2,
50,30,50,40,20,"	",447,894,2,
50,30,55,45,45,"	",59,118,2,
50,30,70,45,20,"	",282,564,2,
50,35,15,35,25,"	",567,1134,2,
50,35,30,40,35,"	",901,1802,2,
50,35,40,30,30,"	",172,344,2,
50,35,40,55,10,"	",308,616,2,
50,35,45,50,40,"	",626,1252,2,
50,35,50,50,40,"	",1429,2858,2,
50,35,50,55,15,"	",851,1702,2,
50,35,55,50,30,"	",733,1466,2,
50,35,60,55,20,"	",1569,3138,2,
50,40,25,50,40,"	",326,652,2,
50,40,30,35,25,"	",85,170,2,
50,40,35,35,30,"	",75,150,2,
50,40,35,40,10,"	",1188,2376,2,
50,40,35,55,15,"	",114,228,2,
50,40,40,50,45,"	",80,160,2,
50,40,40,60,20,"	",156,312,2,
50,40,45,40,40,"	",175,350,2,
50,40,55,40,25,"	",74,148,2,
50,40,55,45,45,"	",598,1196,2,
50,40,55,70,15,"	",849,1698,2,
50,40,60,50,20,"	",566,1132,2,
50,40,60,60,30,"	",1748,3496,2,
50,40,60,65,25,"	",725,1450,2,
50,40,70,55,25,"	",295,590,2,
50,45,15,45,15,"	",144,288,2,
50,45,20,35,25,"	",265,530,2,
50,45,30,55,25,"	",1781,3562,2,
50,45,35,35,45,"	",1379,2758,2,
50,45,35,55,50,"	",19,38,2,
50,45,50,40,30,"	",1296,2592,2,
50,45,50,65,25,"	",37,74,2,
50,45,55,40,45,"	",525,1050,2,
50,45,55,50,35,"	",54,108,2,
50,45,55,65,25,"	",305,610,2,
50,45,60,40,40,"	",164,328,2,
50,45,65,50,10,"	",200,400,2,
50,50,30,25,20,"	",180,360,2,
50,50,40,55,30,"	",71,142,2,
50,50,50,50,30,"	",356,712,2,
50,50,55,35,45,"	",24,48,2,
50,50,55,35,50,"	",102,204,2,
50,55,30,40,20,"	",591,1182,2,
50,55,55,50,35,"	",456,912,2,
50,55,60,55,20,"	",149,298,2,
50,55,60,55,50,"	",348,696,2,
50,55,60,65,20,"	",2854,5708,2,
50,60,20,55,15,"	",264,528,2,
50,60,45,60,50,"	",29,58,2,
50,60,60,55,35,"	",16,32,2,
50,60,70,45,70,"	",30,60,2,
50,65,20,40,30,"	",162,324,2,
50,65,70,60,25,"	",389,778,2,
55,20,45,30,25,"	",433,866,2,
55,20,60,60,20,"	",298,596,2,
55,20,65,70,55,"	",221,442,2,
55,25,40,20,15,"	",51,102,2,
55,25,45,40,25,"	",626,1252,2,
55,25,60,60,45,"	",119,238,2,
55,25,70,40,55,"	",167,334,2,
55,30,25,35,35,"	",25,50,2,
55,30,25,55,45,"	",830,1660,2,
55,30,40,35,30,"	",536,1072,2,
55,35,30,65,25,"	",426,852,2,
55,35,35,55,35,"	",257,514,2,
55,35,40,45,30,"	",41,82,2,
55,35,45,35,50,"	",540,1080,2,
55,35,45,40,25,"	",756,1512,2,
55,35,45,55,15,"	",109,218,2,
55,35,55,45,45,"	",829,1658,2,
55,35,55,50,40,"	",160,320,2,
55,35,60,40,30,"	",145,290,2,
55,35,60,45,20,"	",531,1062,2,
55,40,25,25,25,"	",396,792,2,
55,40,35,40,40,"	",589,1178,2,
55,40,35,50,30,"	",4071,8142,2,
55,40,45,40,40,"	",272,544,2,
55,40,50,50,45,"	",206,412,2,
55,40,50,55,25,"	",358,716,2,
55,40,55,35,55,"	",610,1220,2,
55,40,55,70,40,"	",823,1646,2,
55,40,60,45,55,"	",104,208,2,
55,40,60,55,40,"	",947,1894,2,
55,40,60,65,25,"	",1289,2578,2,
55,40,60,70,45,"	",172,344,2,
55,45,40,50,40,"	",44,88,2,
55,45,40,55,55,"	",17,34,2,
55,45,45,50,45,"	",138,276,2,
55,45,50,55,15,"	",1638,3276,2,
55,45,60,55,45,"	",189,378,2,
55,45,60,60,45,"	",832,1664,2,
55,50,30,45,30,"	",2361,4722,2,
55,50,40,35,40,"	",62,124,2,
55,50,45,30,20,"	",1279,2558,2,
55,50,45,40,30,"	",511,1022,2,
55,50,45,40,35,"	",16,32,2,
55,50,60,45,50,"	",333,666,2,
55,55,30,40,35,"	",152,304,2,
55,55,30,40,65,"	",165,330,2,
55,55,30,45,20,"	",359,718,2,
55,55,60,60,20,"	",1211,2422,2,
55,60,25,35,25,"	",108,216,2,
55,60,40,55,40,"	",41,82,2,
55,60,70,70,10,"	",716,1432,2,
55,65,50,50,15,"	",1041,3016,2,
55,65,60,60,45,"	",2285,4570,2,
55,65,65,70,60,"	",297,594,2,
55,70,55,60,40,"	",4610,9220,2,
60,20,25,30,40,"	",367,734,2,
60,20,35,60,25,"	",80,160,2,
60,25,30,45,35,"	",307,614,2,
60,25,40,50,40,"	",242,484,2,
60,30,40,35,20,"	",1042,2084,2,
60,30,55,45,25,"	",548,1096,2,
60,30,60,65,30,"	",1046,2092,2,
60,30,65,65,10,"	",239,478,2,
60,35,15,45,60,"	",63,126,2,
60,35,40,20,30,"	",59,118,2,
60,35,40,50,20,"	",551,1102,2,
60,35,45,45,20,"	",86,172,2,
60,35,50,20,35,"	",349,698,2,
60,35,50,40,40,"	",1104,2208,2,
60,35,60,30,40,"	",562,1124,2,
60,35,60,40,35,"	",440,880,2,
60,35,65,65,50,"	",93,186,2,
60,35,70,40,40,"	",1118,3149,2,
60,35,70,55,55,"	",491,982,2,
60,40,15,25,35,"	",243,486,2,
60,40,25,30,35,"	",314,628,2,
60,40,25,50,25,"	",517,1034,2,
60,40,30,25,50,"	",147,294,2,
60,40,35,30,25,"	",72,144,2,
60,40,35,35,55,"	",1783,3566,2,
60,40,50,40,25,"	",598,1196,2,
60,40,60,40,35,"	",257,514,2,
60,40,60,55,20,"	",277,554,2,
60,40,65,40,55,"	",103,206,2,
60,40,65,45,50,"	",1030,2060,2,
60,45,20,45,35,"	",666,1332,2,
60,45,25,50,15,"	",119,238,2,
60,45,30,55,60,"	",541,1082,2,
60,45,30,60,60,"	",321,642,2,
60,45,35,60,45,"	",630,1260,2,
60,45,35,60,60,"	",276,552,2,
60,45,40,35,20,"	",859,1718,2,
60,45,40,50,15,"	",507,1014,2,
60,45,40,50,30,"	",7113,20599,2,
60,45,50,45,50,"	",15,30,2,
60,45,55,40,35,"	",423,846,2,
60,45,55,55,25,"	",16,32,2,
60,50,25,35,55,"	",668,1336,2,
60,50,25,50,40,"	",85,170,2,
60,50,40,65,60,"	",2349,4698,2,
60,50,50,40,35,"	",720,1440,2,
60,50,50,50,40,"	",28,56,2,
60,50,70,45,35,"	",1664,3328,2,
60,55,25,60,50,"	",17,34,2,
60,55,30,45,55,"	",248,496,2,
60,55,30,55,55,"	",1152,2304,2,
60,55,55,65,25,"	",1650,3300,2,
60,55,70,40,50,"	",709,1418,2,
60,55,70,65,25,"	",765,1530,2,
60,55,70,70,45,"	",712,1424,2,
60,60,15,30,40,"	",500,1000,2,
60,60,50,40,40,"	",1910,3820,2,
60,60,60,55,20,"	",1569,3138,2,
60,70,70,60,50,"	",33,66,2,
65,15,40,35,40,"	",1198,2396,2,
65,25,30,40,60,"	",197,394,2,
65,30,40,60,65,"	",83,166,2,
65,30,55,50,20,"	",404,808,2,
65,35,20,30,35,"	",216,432,2,
65,35,25,40,55,"	",49,98,2,
65,35,30,50,50,"	",1543,3086,2,
65,35,35,40,50,"	",1056,2112,2,
65,35,45,45,35,"	",502,1004,2,
65,35,45,65,25,"	",154,308,2,
65,35,55,70,40,"	",234,468,2,
65,35,65,65,45,"	",1848,3696,2,
65,40,10,25,10,"	",2064,4128,2,
65,40,40,50,70,"	",30,60,2,
65,40,45,25,50,"	",112,224,2,
65,40,45,60,35,"	",790,1580,2,
65,40,50,40,35,"	",565,1130,2,
65,40,60,45,50,"	",1070,2140,2,
65,40,65,30,25,"	",45,90,2,
65,45,10,25,30,"	",1777,3554,2,
65,45,25,50,20,"	",304,608,2,
65,45,30,50,45,"	",242,484,2,
65,45,30,55,25,"	",32,64,2,
65,45,50,60,45,"	",854,1708,2,
65,45,65,45,50,"	",635,1270,2,
65,45,65,55,60,"	",377,754,2,
65,45,70,25,50,"	",586,1172,2,
65,50,35,50,35,"	",354,708,2,
65,50,35,50,45,"	",541,1082,2,
65,50,40,45,30,"	",486,972,2,
65,50,40,70,60,"	",1111,2222,2,
65,50,50,70,30,"	",2697,5394,2,
65,50,55,50,40,"	",107,214,2,
65,50,60,65,50,"	",331,662,2,
65,50,70,40,20,"	",51,102,2,
65,60,40,45,70,"	",77,154,2,
65,65,60,45,40,"	",467,934,2,
70,15,20,65,10,"	",564,1128,2,
70,20,65,50,30,"	",205,410,2,
70,25,30,50,15,"	",559,1118,2,
70,25,55,60,25,"	",241,482,2,
70,25,60,55,50,"	",890,1780,2,
70,30,50,65,30,"	",1793,3586,2,
70,30,65,45,50,"	",53,106,2,
70,30,70,50,25,"	",583,1166,2,
70,35,25,35,65,"	",27,54,2,
70,35,25,45,25,"	",119,238,2,
70,35,25,45,60,"	",380,760,2,
70,35,35,45,30,"	",1348,2696,2,
70,35,35,60,25,"	",215,430,2,
70,35,60,30,40,"	",1643,3286,2,
70,35,65,50,40,"	",914,1828,2,
70,40,15,65,10,"	",113,226,2,
70,40,35,45,45,"	",609,1218,2,
70,40,55,30,15,"	",732,1464,2,
70,45,40,50,45,"	",128,256,2,
70,45,50,65,50,"	",534,1068,2,
70,45,60,45,25,"	",389,778,2,
70,45,65,40,60,"	",72,144,2,
70,45,65,55,60,"	",1903,3806,2,
70,55,35,45,70,"	",174,348,2,
70,55,60,65,30,"	",481,962,2,
70,55,65,55,30,"	",218,436,2,
70,60,25,50,40,"	",1604,3208,2,
70,60,50,60,35,"	",1288,2576,2,
70,60,60,45,50,"	",121,242,2,
70,65,45,45,20,"	",151,302,2,
70,65,70,50,30,"	",70,140,2,
20,25,40,25,50,"	",1607,1607,1,
25,30,35,45,20,"	",440,440,1,
25,35,45,40,45,"	",272,272,1,
25,55,65,40,35,"	",136,136,1,
25,60,65,65,30,"	",408,408,1,
30,20,45,30,25,"	",254,254,1,
30,25,40,55,35,"	",259,259,1,
30,30,65,35,10,"	",142,142,1,
30,40,20,45,55,"	",876,876,1,
30,40,50,30,40,"	",78,78,1,
30,55,45,40,50,"	",590,590,1,
35,25,20,30,25,"	",113,113,1,
35,25,40,30,45,"	",1551,1551,1,
35,25,40,50,10,"	",1396,1396,1,
35,30,30,55,20,"	",459,459,1,
35,30,30,70,20,"	",208,208,1,
35,35,20,30,10,"	",151,151,1,
35,35,20,45,65,"	",162,162,1,
35,35,40,60,40,"	",444,444,1,
35,35,50,30,20,"	",1304,1304,1,
35,35,55,35,10,"	",79,79,1,
35,40,30,30,35,"	",484,484,1,
35,40,35,25,40,"	",48,48,1,
35,40,60,55,10,"	",2633,2633,1,
35,45,30,50,20,"	",215,215,1,
35,45,45,40,25,"	",228,228,1,
35,45,50,40,35,"	",379,379,1,
35,45,50,45,30,"	",419,419,1,
35,50,45,40,30,"	",362,362,1,
40,20,35,30,20,"	",661,661,1,
40,25,25,30,25,"	",160,160,1,
40,25,35,35,35,"	",370,370,1,
40,25,60,70,15,"	",121,121,1,
40,30,35,55,20,"	",277,277,1,
40,35,35,40,30,"	",93,93,1,
40,40,20,60,55,"	",521,521,1,
40,40,35,40,45,"	",18,18,1,
40,40,35,45,40,"	",1024,1928,1,
40,40,40,40,40,"	",4661,6634,1,
40,40,50,35,35,"	",1238,1238,1,
40,40,50,65,30,"	",167,167,1,
40,45,30,25,35,"	",1019,1019,1,
40,45,40,25,15,"	",28,28,1,
40,45,40,65,15,"	",15,15,1,
40,45,45,65,15,"	",390,390,1,
40,50,30,50,35,"	",175,175,1,
40,50,40,40,30,"	",145,145,1,
40,50,55,50,40,"	",853,853,1,
40,55,10,65,25,"	",561,561,1,
40,55,45,45,20,"	",74,74,1,
40,55,55,40,55,"	",15,15,1,
40,55,60,45,15,"	",1583,1583,1,
40,60,60,55,25,"	",36,36,1,
40,60,65,30,10,"	",1304,1304,1,
40,65,30,25,10,"	",195,195,1,
40,70,45,55,20,"	",80,80,1,
45,10,60,55,50,"	",584,584,1,
45,15,35,35,35,"	",1360,1360,1,
45,30,40,25,25,"	",184,184,1,
45,35,35,30,40,"	",814,814,1,
45,35,45,40,45,"	",248,248,1,
45,35,45,45,25,"	",266,266,1,
45,35,45,50,25,"	",125,125,1,
45,35,50,40,25,"	",326,326,1,
45,35,50,55,40,"	",160,160,1,
45,35,65,45,20,"	",1186,1186,1,
45,40,30,40,25,"	",690,690,1,
45,40,35,40,30,"	",324,324,1,
45,40,50,70,30,"	",1677,1677,1,
45,40,60,30,35,"	",340,340,1,
45,40,60,60,30,"	",1211,1211,1,
45,45,40,40,35,"	",30,30,1,
45,45,40,40,40,"	",459,459,1,
45,45,40,60,50,"	",71,71,1,
45,45,50,35,30,"	",86,86,1,
45,45,55,35,50,"	",1021,1021,1,
45,45,60,30,30,"	",384,384,1,
45,50,35,30,20,"	",49,49,1,
45,50,35,45,60,"	",539,539,1,
45,50,45,55,40,"	",1183,1183,1,
45,50,50,40,15,"	",128,128,1,
45,50,55,35,30,"	",1070,1070,1,
45,50,55,40,30,"	",718,718,1,
45,50,60,60,10,"	",297,297,1,
45,55,55,55,25,"	",239,239,1,
45,60,45,45,45,"	",272,272,1,
45,60,50,60,30,"	",802,802,1,
45,65,65,30,60,"	",1448,1448,1,
45,70,45,15,40,"	",22,22,1,
50,20,30,25,65,"	",6419,6419,1,
50,25,20,45,50,"	",17,17,1,
50,25,40,30,25,"	",851,851,1,
50,25,50,55,35,"	",654,654,1,
50,25,70,35,30,"	",259,259,1,
50,30,45,30,30,"	",228,228,1,
50,35,20,25,20,"	",53,53,1,
50,35,35,30,60,"	",332,332,1,
50,35,35,35,30,"	",97,97,1,
50,35,35,50,20,"	",1020,1154,1,
50,35,35,55,25,"	",200,200,1,
50,35,40,35,45,"	",110,110,1,
50,35,40,50,20,"	",499,499,1,
50,35,50,30,45,"	",740,740,1,
50,35,50,40,20,"	",192,192,1,
50,35,55,50,40,"	",122,122,1,
50,35,55,60,45,"	",878,878,1,
50,35,55,70,30,"	",66,66,1,
50,40,25,25,35,"	",426,426,1,
50,40,25,30,15,"	",195,195,1,
50,40,25,50,30,"	",596,596,1,
50,40,30,30,65,"	",214,214,1,
50,40,35,40,40,"	",272,272,1,
50,40,35,60,40,"	",281,281,1,
50,40,35,60,50,"	",125,125,1,
50,40,40,55,30,"	",347,347,1,
50,40,45,45,30,"	",111,111,1,
50,40,45,55,55,"	",129,129,1,
50,40,45,65,40,"	",145,145,1,
50,40,50,45,20,"	",890,890,1,
50,40,50,45,45,"	",375,375,1,
50,40,55,35,45,"	",1403,1403,1,
50,40,55,40,40,"	",736,736,1,
50,40,70,70,40,"	",3251,3251,1,
50,45,25,45,25,"	",268,268,1,
50,45,25,50,35,"	",1161,1161,1,
50,45,30,45,25,"	",396,396,1,
50,45,30,55,10,"	",1032,1032,1,
50,45,40,20,55,"	",185,185,1,
50,45,40,50,30,"	",71,71,1,
50,45,45,30,20,"	",876,876,1,
50,45,50,55,60,"	",1257,1257,1,
50,45,60,40,35,"	",29,29,1,
50,45,65,50,40,"	",368,368,1,
50,50,35,55,50,"	",325,325,1,
50,50,45,60,55,"	",27,27,1,
50,50,55,50,55,"	",29,29,1,
50,50,55,55,25,"	",70,70,1,
50,50,55,60,50,"	",65,65,1,
50,50,60,50,30,"	",19,19,1,
50,50,60,55,40,"	",565,565,1,
50,50,60,65,30,"	",576,576,1,
50,50,65,70,45,"	",1382,1382,1,
50,55,50,50,35,"	",841,841,1,
50,55,70,50,20,"	",931,931,1,
50,55,70,70,15,"	",1042,1042,1,
50,60,45,35,15,"	",527,527,1,
50,60,45,55,30,"	",172,172,1,
50,60,55,65,15,"	",884,884,1,
50,65,55,55,25,"	",48,48,1,
50,65,65,55,15,"	",562,562,1,
50,65,65,55,60,"	",113,113,1,
50,70,65,50,10,"	",1063,1063,1,
55,10,70,70,20,"	",122,122,1,
55,15,35,10,10,"	",989,989,1,
55,25,35,45,20,"	",25,25,1,
55,25,50,25,45,"	",1078,1078,1,
55,25,50,60,30,"	",1026,1026,1,
55,25,55,65,45,"	",1326,1326,1,
55,25,60,15,50,"	",249,249,1,
55,25,65,30,40,"	",53,53,1,
55,25,65,55,15,"	",539,539,1,
55,30,25,40,40,"	",1221,1221,1,
55,30,30,30,20,"	",328,328,1,
55,30,45,50,50,"	",385,385,1,
55,30,45,65,25,"	",1055,1055,1,
55,30,55,40,45,"	",1267,1267,1,
55,35,30,40,35,"	",165,165,1,
55,35,35,55,50,"	",432,432,1,
55,35,40,50,30,"	",1819,1819,1,
55,35,40,55,40,"	",1632,1632,1,
55,35,40,55,55,"	",2382,2382,1,
55,35,40,60,15,"	",102,102,1,
55,35,45,60,40,"	",408,408,1,
55,35,55,55,60,"	",28,28,1,
55,35,60,25,40,"	",812,812,1,
55,35,65,65,45,"	",1577,1577,1,
55,40,20,55,25,"	",16,16,1,
55,40,30,15,25,"	",1320,1320,1,
55,40,30,30,15,"	",190,190,1,
55,40,30,55,20,"	",121,121,1,
55,40,30,55,40,"	",962,962,1,
55,40,40,35,25,"	",511,511,1,
55,40,45,40,30,"	",770,770,1,
55,40,55,35,30,"	",166,166,1,
55,40,60,20,10,"	",171,171,1,
55,40,65,60,65,"	",1278,1278,1,
55,40,65,65,35,"	",284,284,1,
55,45,15,30,50,"	",1033,1033,1,
55,45,35,50,20,"	",1046,1046,1,
55,45,40,10,25,"	",418,418,1,
55,45,40,40,15,"	",266,266,1,
55,45,45,55,20,"	",861,861,1,
55,45,50,55,40,"	",1182,1182,1,
55,45,50,65,15,"	",617,617,1,
55,45,70,55,50,"	",86,86,1,
55,50,25,65,55,"	",126,126,1,
55,50,30,55,20,"	",348,348,1,
55,50,40,50,20,"	",194,194,1,
55,50,50,70,40,"	",30,30,1,
55,55,35,45,25,"	",8663,8663,1,
55,55,40,60,55,"	",63,63,1,
55,55,45,50,30,"	",802,802,1,
55,55,50,50,35,"	",479,479,1,
55,55,55,55,50,"	",352,352,1,
55,55,65,40,35,"	",198,349,1,
55,55,70,45,10,"	",430,430,1,
55,60,20,45,10,"	",18,18,1,
55,60,25,30,30,"	",212,212,1,
55,60,60,55,30,"	",45,45,1,
55,65,65,50,15,"	",663,663,1,
60,10,30,70,30,"	",2317,2317,1,
60,15,30,60,35,"	",974,974,1,
60,15,40,55,25,"	",3612,3612,1,
60,20,50,70,40,"	",164,164,1,
60,25,30,55,55,"	",895,895,1,
60,25,35,15,20,"	",232,232,1,
60,25,40,65,55,"	",28,28,1,
60,25,45,50,35,"	",994,1740,1,
60,25,50,40,30,"	",104,104,1,
60,25,55,50,45,"	",40,40,1,
60,30,15,45,25,"	",42,42,1,
60,30,25,60,35,"	",461,461,1,
60,30,35,60,30,"	",397,397,1,
60,30,55,60,30,"	",861,861,1,
60,30,65,25,10,"	",1309,1309,1,
60,35,30,40,40,"	",94,94,1,
60,35,35,30,25,"	",33,33,1,
60,35,35,45,55,"	",73,73,1,
60,35,35,50,25,"	",299,299,1,
60,35,40,25,30,"	",869,869,1,
60,35,40,30,35,"	",443,443,1,
60,35,40,60,30,"	",87,87,1,
60,35,45,40,50,"	",232,232,1,
60,35,50,30,60,"	",140,140,1,
60,35,50,60,50,"	",126,126,1,
60,35,55,50,30,"	",57,57,1,
60,35,55,55,60,"	",138,138,1,
60,35,65,65,15,"	",146,146,1,
60,35,70,25,40,"	",53,53,1,
60,35,70,45,60,"	",28,28,1,
60,40,20,30,45,"	",688,688,1,
60,40,30,25,15,"	",286,286,1,
60,40,30,30,15,"	",251,251,1,
60,40,30,50,30,"	",3186,3186,1,
60,40,30,60,60,"	",853,853,1,
60,40,35,20,50,"	",21,21,1,
60,40,35,35,45,"	",183,183,1,
60,40,35,50,15,"	",761,761,1,
60,40,40,25,20,"	",116,116,1,
60,40,40,35,65,"	",37,37,1,
60,40,40,60,45,"	",2190,2190,1,
60,40,45,30,30,"	",77,77,1,
60,40,50,35,25,"	",437,437,1,
60,40,55,25,65,"	",75,75,1,
60,40,55,55,30,"	",519,519,1,
60,40,55,55,40,"	",22,22,1,
60,40,55,65,35,"	",100,100,1,
60,40,60,30,60,"	",185,185,1,
60,40,60,70,55,"	",313,313,1,
60,40,70,55,30,"	",206,206,1,
60,45,35,40,35,"	",196,196,1,
60,45,40,60,65,"	",3397,3397,1,
60,45,40,65,55,"	",859,859,1,
60,45,45,35,35,"	",147,147,1,
60,45,45,35,50,"	",118,118,1,
60,45,45,50,45,"	",374,374,1,
60,45,50,50,55,"	",19,19,1,
60,45,55,40,50,"	",1282,1282,1,
60,45,55,55,10,"	",1185,1185,1,
60,45,60,35,45,"	",174,174,1,
60,45,65,65,60,"	",32,32,1,
60,50,45,35,40,"	",244,244,1,
60,50,50,45,20,"	",828,828,1,
60,50,55,45,20,"	",238,238,1,
60,50,55,65,35,"	",940,940,1,
60,50,70,55,10,"	",17,17,1,
60,55,30,30,40,"	",275,275,1,
60,55,40,70,40,"	",17,17,1,
60,55,45,55,20,"	",600,600,1,
60,55,55,30,25,"	",420,420,1,
60,55,55,45,35,"	",1135,1135,1,
60,55,60,60,30,"	",86,86,1,
60,55,70,55,50,"	",1676,1676,1,
60,60,55,40,25,"	",536,536,1,
60,60,55,50,30,"	",22,22,1,
60,60,60,60,25,"	",93,93,1,
60,60,65,45,60,"	",1576,1576,1,
60,60,70,55,60,"	",137,137,1,
60,65,35,40,55,"	",523,523,1,
60,65,35,45,25,"	",1317,1317,1,
60,65,45,60,15,"	",15,15,1,
60,65,60,35,45,"	",53,53,1,
60,65,60,55,25,"	",392,392,1,
60,70,20,70,40,"	",316,316,1,
60,70,45,60,60,"	",88,88,1,
65,15,35,45,15,"	",5271,5271,1,
65,20,40,20,50,"	",1091,1091,1,
65,25,15,35,25,"	",565,565,1,
65,25,30,45,40,"	",592,592,1,
65,25,55,20,25,"	",209,209,1,
65,30,25,70,40,"	",304,304,1,
65,30,45,35,35,"	",324,324,1,
65,30,55,55,35,"	",162,162,1,
65,30,70,70,15,"	",312,312,1,
65,35,45,60,40,"	",908,908,1,
65,35,45,70,50,"	",266,266,1,
65,35,60,40,40,"	",243,243,1,
65,35,65,65,50,"	",24,24,1,
65,35,70,60,35,"	",541,541,1,
65,35,70,70,30,"	",337,337,1,
65,40,25,60,40,"	",637,637,1,
65,40,30,30,30,"	",1257,1257,1,
65,40,35,55,20,"	",475,714,1,
65,40,40,50,45,"	",2224,2224,1,
65,40,55,45,35,"	",540,540,1,
65,40,55,55,35,"	",1241,1241,1,
65,40,55,55,45,"	",161,161,1,
65,40,65,45,35,"	",733,996,1,
65,40,70,25,70,"	",339,339,1,
65,45,30,25,45,"	",249,249,1,
65,45,30,35,10,"	",100,100,1,
65,45,40,50,40,"	",99,99,1,
65,45,40,65,60,"	",1035,1035,1,
65,45,45,30,45,"	",97,97,1,
65,45,60,45,50,"	",694,694,1,
65,45,65,45,65,"	",447,447,1,
65,45,65,70,55,"	",706,706,1,
65,50,25,25,20,"	",148,148,1,
65,50,25,55,35,"	",527,527,1,
65,50,45,20,35,"	",586,586,1,
65,50,45,45,35,"	",219,219,1,
65,50,50,40,35,"	",351,351,1,
65,50,50,50,35,"	",105,105,1,
65,50,55,50,55,"	",34,34,1,
65,50,60,25,25,"	",73,73,1,
65,50,60,70,45,"	",15,15,1,
65,50,70,60,40,"	",917,917,1,
65,55,35,55,25,"	",377,377,1,
65,55,60,25,45,"	",258,258,1,
65,60,40,45,25,"	",387,387,1,
65,60,70,65,20,"	",662,662,1,
65,60,70,70,65,"	",198,198,1,
65,65,35,55,15,"	",354,354,1,
65,65,60,50,40,"	",349,349,1,
65,65,70,30,15,"	",49,49,1,
65,65,70,55,65,"	",894,894,1,
70,25,20,45,10,"	",162,162,1,
70,25,40,65,30,"	",209,209,1,
70,30,45,55,20,"	",168,168,1,
70,40,35,40,25,"	",86,86,1,
70,40,40,65,40,"	",56,56,1,
70,40,45,70,35,"	",89,89,1,
70,40,50,65,20,"	",380,380,1,
70,40,60,40,15,"	",54,54,1,
70,40,65,30,50,"	",402,402,1,
70,45,30,35,60,"	",817,817,1,
70,45,35,20,60,"	",122,122,1,
70,45,45,25,40,"	",42,42,1,
70,45,45,30,20,"	",1098,1098,1,
70,45,45,55,25,"	",139,139,1,
70,50,65,55,25,"	",100,100,1,
70,50,70,45,30,"	",1535,1535,1,
70,60,30,30,20,"	",2343,2343,1,
70,60,50,55,50,"	",114,114,1,
70,60,55,45,55,"	",230,230,1,
70,60,60,45,30,"	",1254,1254,1,
70,60,60,50,40,"	",58,58,1,
70,60,65,70,50,"	",1406,1406,1,
70,65,30,50,20,"	",846,846,1,
70,65,35,40,30,"	",984,984,1,
70,65,45,55,40,"	",674,674,1,
70,65,55,50,50,"	",37,37,1,
25,20,55,55,10,"	",230,0,0,
30,20,45,55,15,"	",1584,0,0,
30,40,40,65,20,"	",112,0,0,
30,60,55,50,25,"	",31,0,0,
35,30,45,55,25,"	",949,0,0,
35,35,20,35,10,"	",227,0,0,
35,40,25,30,50,"	",17,0,0,
35,50,45,50,45,"	",319,0,0,
35,60,50,55,20,"	",58,0,0,
40,30,40,40,15,"	",76,0,0,
40,30,55,40,20,"	",1189,0,0,
40,35,25,40,10,"	",340,0,0,
40,35,55,50,45,"	",725,0,0,
40,40,10,15,15,"	",267,0,0,
40,45,25,60,25,"	",990,0,0,
40,45,45,60,55,"	",63,0,0,
40,50,30,40,15,"	",29,0,0,
40,50,40,70,20,"	",298,0,0,
40,50,60,40,15,"	",377,0,0,
40,55,40,60,40,"	",1607,0,0,
40,55,60,60,25,"	",3120,0,0,
45,15,40,60,10,"	",449,0,0,
45,25,10,50,50,"	",258,0,0,
45,25,35,50,40,"	",2171,0,0,
45,25,40,35,30,"	",466,0,0,
45,25,40,70,30,"	",133,0,0,
45,30,35,65,35,"	",128,0,0,
45,35,30,35,50,"	",236,0,0,
45,35,30,50,60,"	",26,0,0,
45,35,45,20,25,"	",295,0,0,
45,35,55,65,35,"	",443,0,0,
45,40,35,50,25,"	",415,0,0,
45,40,40,25,20,"	",1056,0,0,
45,40,40,55,35,"	",1582,0,0,
45,40,45,50,50,"	",23,0,0,
45,40,50,40,40,"	",1312,0,0,
45,40,50,65,55,"	",110,0,0,
45,40,65,70,10,"	",47,0,0,
45,50,25,30,30,"	",94,0,0,
45,50,55,50,25,"	",475,0,0,
45,50,55,55,45,"	",465,0,0,
45,55,20,55,25,"	",28,0,0,
45,55,25,25,20,"	",1072,0,0,
45,55,45,45,35,"	",149,0,0,
45,55,55,30,15,"	",1233,0,0,
45,55,65,70,30,"	",1519,0,0,
45,65,55,45,15,"	",107,0,0,
50,30,25,30,10,"	",1208,0,0,
50,35,20,15,15,"	",241,0,0,
50,35,30,30,50,"	",3339,1422,0,
50,35,30,45,20,"	",292,0,0,
50,35,40,35,25,"	",370,0,0,
50,35,45,35,30,"	",479,19,0,
50,35,45,55,20,"	",471,0,0,
50,35,50,45,55,"	",1433,0,0,
50,35,55,35,30,"	",1142,0,0,
50,40,25,40,30,"	",866,0,0,
50,40,35,30,45,"	",61,0,0,
50,40,40,35,20,"	",1602,393,0,
50,40,65,55,15,"	",100,0,0,
50,40,70,55,20,"	",625,0,0,
50,45,25,40,20,"	",324,0,0,
50,45,30,45,20,"	",118,0,0,
50,45,40,60,50,"	",766,0,0,
50,45,50,40,35,"	",42,0,0,
50,45,55,25,50,"	",26,0,0,
50,45,55,55,40,"	",1025,0,0,
50,45,60,30,45,"	",120,0,0,
50,45,60,30,50,"	",460,0,0,
50,45,60,55,40,"	",33,0,0,
50,45,60,70,45,"	",452,0,0,
50,45,65,50,15,"	",207,0,0,
50,45,65,50,35,"	",75,0,0,
50,50,25,30,35,"	",716,0,0,
50,50,40,50,60,"	",16,0,0,
50,50,50,45,25,"	",649,0,0,
50,50,55,40,45,"	",378,0,0,
50,60,30,25,35,"	",146,0,0,
50,60,50,30,15,"	",251,0,0,
50,60,60,45,30,"	",2058,0,0,
50,70,70,45,70,"	",1102,0,0,
55,20,35,30,45,"	",358,0,0,
55,25,45,40,40,"	",238,0,0,
55,30,10,20,50,"	",463,0,0,
55,30,45,40,35,"	",436,0,0,
55,30,45,50,15,"	",683,0,0,
55,30,55,40,10,"	",137,0,0,
55,30,55,55,20,"	",786,0,0,
55,30,60,35,35,"	",164,0,0,
55,35,15,15,25,"	",192,0,0,
55,35,25,35,35,"	",588,0,0,
55,35,45,40,10,"	",35,0,0,
55,35,45,40,55,"	",108,0,0,
55,35,45,60,30,"	",1574,0,0,
55,40,35,40,50,"	",2728,1364,0,
55,40,40,40,30,"	",642,0,0,
55,40,40,50,15,"	",827,0,0,
55,40,40,60,45,"	",59,0,0,
55,40,45,50,50,"	",203,114,0,
55,40,45,70,25,"	",288,0,0,
55,40,55,55,40,"	",61,0,0,
55,40,55,60,45,"	",29,0,0,
55,40,60,55,20,"	",915,0,0,
55,40,70,40,10,"	",464,0,0,
55,45,35,50,25,"	",227,0,0,
55,45,50,25,35,"	",178,0,0,
55,45,50,40,20,"	",290,0,0,
55,50,35,25,35,"	",646,0,0,
55,50,40,55,15,"	",379,0,0,
55,50,45,30,10,"	",203,0,0,
55,50,50,50,40,"	",3763,0,0,
55,50,50,60,60,"	",217,0,0,
55,50,65,55,60,"	",1559,0,0,
55,50,70,70,10,"	",418,0,0,
55,55,30,35,60,"	",45,0,0,
55,55,40,45,40,"	",2901,0,0,
55,55,45,50,50,"	",327,0,0,
55,55,55,55,30,"	",308,0,0,
55,55,70,50,45,"	",1336,0,0,
55,65,60,55,20,"	",212,0,0,
55,65,65,60,45,"	",236,0,0,
60,25,40,35,40,"	",83,0,0,
60,30,40,35,15,"	",273,0,0,
60,30,60,20,35,"	",64,0,0,
60,35,45,25,45,"	",836,0,0,
60,35,45,40,40,"	",50,0,0,
60,35,60,50,30,"	",96,0,0,
60,40,15,60,40,"	",161,0,0,
60,40,15,70,30,"	",1705,0,0,
60,40,45,50,35,"	",249,0,0,
60,40,50,20,45,"	",91,0,0,
60,40,50,50,20,"	",1129,0,0,
60,40,50,60,55,"	",23,0,0,
60,40,65,55,10,"	",80,0,0,
60,45,40,55,35,"	",1182,0,0,
60,50,70,35,20,"	",374,0,0,
60,60,50,40,35,"	",197,0,0,
60,60,60,55,25,"	",98,0,0,
60,60,70,50,70,"	",1211,0,0,
60,65,65,70,55,"	",1242,0,0,
60,70,70,30,50,"	",52,0,0,
65,20,40,30,15,"	",139,0,0,
65,25,35,55,40,"	",1128,0,0,
65,25,40,50,20,"	",768,0,0,
65,35,30,35,55,"	",26,0,0,
65,35,45,40,10,"	",37,0,0,
65,40,45,40,25,"	",2128,0,0,
65,40,60,45,35,"	",424,0,0,
65,40,60,45,40,"	",666,0,0,
65,40,70,60,25,"	",610,0,0,
65,45,55,45,65,"	",254,0,0,
65,50,30,30,30,"	",236,0,0,
70,15,60,35,45,"	",34,0,0,
70,20,25,25,10,"	",263,0,0,
70,25,60,60,35,"	",46,0,0,
70,30,25,40,15,"	",1603,0,0,
70,30,25,65,30,"	",1377,0,0,
70,35,20,60,45,"	",115,0,0,
70,35,30,30,25,"	",1811,0,0,
70,35,35,35,40,"	",355,0,0,
70,40,25,30,70,"	",371,203,0,
70,45,60,40,55,"	",745,0,0,
70,45,70,40,20,"	",620,0,0,
70,50,40,30,35,"	",147,0,0,
70,50,40,65,60,"	",484,0,0,
70,50,55,55,30,"	",55,0,0,
70,60,70,45,50,"	",475,0,0,
70,65,60,40,60,"	",50,0,0,
70,70,65,60,25,"	",91,0,0,
